src,dst,crid,old_category,new_category
60,1950,1039676,UNNECESSARY DISPLAY OF WEAPON  ON DUTY,Search Of Premise Without Warrant
60,21286,1039676,UNNECESSARY DISPLAY OF WEAPON  ON DUTY,Search Of Premise Without Warrant
60,23696,1039676,UNNECESSARY DISPLAY OF WEAPON  ON DUTY,Search Of Premise Without Warrant
60,12497,1039676,UNNECESSARY DISPLAY OF WEAPON  ON DUTY,Search Of Premise Without Warrant
31307,1950,1039676,UNNECESSARY DISPLAY OF WEAPON  ON DUTY,Search Of Premise Without Warrant
31307,21286,1039676,UNNECESSARY DISPLAY OF WEAPON  ON DUTY,Search Of Premise Without Warrant
31307,23696,1039676,UNNECESSARY DISPLAY OF WEAPON  ON DUTY,Search Of Premise Without Warrant
31307,12497,1039676,UNNECESSARY DISPLAY OF WEAPON  ON DUTY,Search Of Premise Without Warrant
1950,21286,1039676,UNNECESSARY DISPLAY OF WEAPON  ON DUTY,Search Of Premise Without Warrant
1950,23696,1039676,UNNECESSARY DISPLAY OF WEAPON  ON DUTY,Search Of Premise Without Warrant
1950,12497,1039676,UNNECESSARY DISPLAY OF WEAPON  ON DUTY,Search Of Premise Without Warrant
21286,23696,1039676,UNNECESSARY DISPLAY OF WEAPON  ON DUTY,Search Of Premise Without Warrant
21286,12497,1039676,UNNECESSARY DISPLAY OF WEAPON  ON DUTY,Search Of Premise Without Warrant
23696,12497,1039676,UNNECESSARY DISPLAY OF WEAPON  ON DUTY,Search Of Premise Without Warrant
23768,1359,1039765,RACIAL  ETHNIC ETC,Illegal Arrest  False Arrest
23768,1411,1039765,RACIAL  ETHNIC ETC,Illegal Arrest  False Arrest
1359,1411,1039765,RACIAL  ETHNIC ETC,Illegal Arrest  False Arrest
23768,1359,1039765,RACIAL  ETHNIC ETC,Gang Affiliation
23768,1411,1039765,RACIAL  ETHNIC ETC,Gang Affiliation
1359,1411,1039765,RACIAL  ETHNIC ETC,Gang Affiliation
9316,3790,1039769,IMPROPER SEARCH OF VEHICLE ,Search Of Premise Without Warrant
21073,21468,1039790,CLOSED HAND STRIKE PUNCH,Excessive Force  On Duty  No Injury
2535,690,1039864,UNNECESSARY DISPLAY OF WEAPON  ON DUTY,Improper Search Of Vehicle
2535,690,1039864,UNNECESSARY DISPLAY OF WEAPON  ON DUTY,Unnecessary Display Of Weapon  On Duty
29926,5047,1039897,MISCELLANEOUS,Excessive Force  On Duty  No Injury
20547,14201,1039966,UNNECESSARY DISPLAY OF WEAPON  ON DUTY,Improper Search Of Vehicle
20885,14442,1040043,ILLEGAL ARREST  FALSE ARREST,Search Of Premise Without Warrant
20885,3605,1040043,ILLEGAL ARREST  FALSE ARREST,Search Of Premise Without Warrant
14442,3605,1040043,ILLEGAL ARREST  FALSE ARREST,Search Of Premise Without Warrant
12520,14453,1040046,MISCELLANEOUS,Excessive Force  Off Duty  Injury
12520,14453,1040046,MISCELLANEOUS,Fail To Obtain A Complaint Register Number
32435,14657,1040083,IMPROPER SEARCH OF PERSON ,Improper Search Of Vehicle
15629,13221,1040090,CHOKED,Excessive Force  On Duty  No Injury
23441,28258,1040116,MISCELLANEOUS,Excessive Force  On Duty  No Injury
23441,5763,1040116,MISCELLANEOUS,Excessive Force  On Duty  No Injury
23441,3957,1040116,MISCELLANEOUS,Excessive Force  On Duty  No Injury
28258,5763,1040116,MISCELLANEOUS,Excessive Force  On Duty  No Injury
28258,3957,1040116,MISCELLANEOUS,Excessive Force  On Duty  No Injury
5763,3957,1040116,MISCELLANEOUS,Excessive Force  On Duty  No Injury
23441,28258,1040116,MISCELLANEOUS,Neglect Of Duty
23441,5763,1040116,MISCELLANEOUS,Neglect Of Duty
23441,3957,1040116,MISCELLANEOUS,Neglect Of Duty
28258,5763,1040116,MISCELLANEOUS,Neglect Of Duty
28258,3957,1040116,MISCELLANEOUS,Neglect Of Duty
5763,3957,1040116,MISCELLANEOUS,Neglect Of Duty
23441,28258,1040116,MISCELLANEOUS,Inadequate  Failure To Provide Service
23441,5763,1040116,MISCELLANEOUS,Inadequate  Failure To Provide Service
23441,3957,1040116,MISCELLANEOUS,Inadequate  Failure To Provide Service
28258,5763,1040116,MISCELLANEOUS,Inadequate  Failure To Provide Service
28258,3957,1040116,MISCELLANEOUS,Inadequate  Failure To Provide Service
5763,3957,1040116,MISCELLANEOUS,Inadequate  Failure To Provide Service
29395,16669,1040124,SEX OFFENSE OTHER,Inadequate  Failure To Provide Service
15360,23239,1040139,MISCELLANEOUS,Search Of Premise Without Warrant
5345,14868,1040146,CONDUCT UNBECOMING,Miscellaneous
29830,24426,1040147,PUSHPULLGRAB,Excessive Force  On Duty  No Injury
20057,6615,1040155,SEARCH OF PREMISE WITHOUT WARRANT,Improper Search Of Vehicle
20057,10336,1040155,SEARCH OF PREMISE WITHOUT WARRANT,Improper Search Of Vehicle
20057,28679,1040155,SEARCH OF PREMISE WITHOUT WARRANT,Improper Search Of Vehicle
20057,7183,1040155,SEARCH OF PREMISE WITHOUT WARRANT,Improper Search Of Vehicle
20057,29606,1040155,SEARCH OF PREMISE WITHOUT WARRANT,Improper Search Of Vehicle
20057,29122,1040155,SEARCH OF PREMISE WITHOUT WARRANT,Improper Search Of Vehicle
20057,19636,1040155,SEARCH OF PREMISE WITHOUT WARRANT,Improper Search Of Vehicle
20057,25372,1040155,SEARCH OF PREMISE WITHOUT WARRANT,Improper Search Of Vehicle
20057,9042,1040155,SEARCH OF PREMISE WITHOUT WARRANT,Improper Search Of Vehicle
6615,10336,1040155,SEARCH OF PREMISE WITHOUT WARRANT,Improper Search Of Vehicle
6615,28679,1040155,SEARCH OF PREMISE WITHOUT WARRANT,Improper Search Of Vehicle
6615,7183,1040155,SEARCH OF PREMISE WITHOUT WARRANT,Improper Search Of Vehicle
6615,29606,1040155,SEARCH OF PREMISE WITHOUT WARRANT,Improper Search Of Vehicle
6615,29122,1040155,SEARCH OF PREMISE WITHOUT WARRANT,Improper Search Of Vehicle
6615,19636,1040155,SEARCH OF PREMISE WITHOUT WARRANT,Improper Search Of Vehicle
6615,25372,1040155,SEARCH OF PREMISE WITHOUT WARRANT,Improper Search Of Vehicle
6615,9042,1040155,SEARCH OF PREMISE WITHOUT WARRANT,Improper Search Of Vehicle
10336,28679,1040155,SEARCH OF PREMISE WITHOUT WARRANT,Improper Search Of Vehicle
10336,7183,1040155,SEARCH OF PREMISE WITHOUT WARRANT,Improper Search Of Vehicle
10336,29606,1040155,SEARCH OF PREMISE WITHOUT WARRANT,Improper Search Of Vehicle
10336,29122,1040155,SEARCH OF PREMISE WITHOUT WARRANT,Improper Search Of Vehicle
10336,19636,1040155,SEARCH OF PREMISE WITHOUT WARRANT,Improper Search Of Vehicle
10336,25372,1040155,SEARCH OF PREMISE WITHOUT WARRANT,Improper Search Of Vehicle
10336,9042,1040155,SEARCH OF PREMISE WITHOUT WARRANT,Improper Search Of Vehicle
28679,7183,1040155,SEARCH OF PREMISE WITHOUT WARRANT,Improper Search Of Vehicle
28679,29606,1040155,SEARCH OF PREMISE WITHOUT WARRANT,Improper Search Of Vehicle
28679,29122,1040155,SEARCH OF PREMISE WITHOUT WARRANT,Improper Search Of Vehicle
28679,19636,1040155,SEARCH OF PREMISE WITHOUT WARRANT,Improper Search Of Vehicle
28679,25372,1040155,SEARCH OF PREMISE WITHOUT WARRANT,Improper Search Of Vehicle
28679,9042,1040155,SEARCH OF PREMISE WITHOUT WARRANT,Improper Search Of Vehicle
7183,29606,1040155,SEARCH OF PREMISE WITHOUT WARRANT,Improper Search Of Vehicle
7183,29122,1040155,SEARCH OF PREMISE WITHOUT WARRANT,Improper Search Of Vehicle
7183,19636,1040155,SEARCH OF PREMISE WITHOUT WARRANT,Improper Search Of Vehicle
7183,25372,1040155,SEARCH OF PREMISE WITHOUT WARRANT,Improper Search Of Vehicle
7183,9042,1040155,SEARCH OF PREMISE WITHOUT WARRANT,Improper Search Of Vehicle
29606,29122,1040155,SEARCH OF PREMISE WITHOUT WARRANT,Improper Search Of Vehicle
29606,19636,1040155,SEARCH OF PREMISE WITHOUT WARRANT,Improper Search Of Vehicle
29606,25372,1040155,SEARCH OF PREMISE WITHOUT WARRANT,Improper Search Of Vehicle
29606,9042,1040155,SEARCH OF PREMISE WITHOUT WARRANT,Improper Search Of Vehicle
29122,19636,1040155,SEARCH OF PREMISE WITHOUT WARRANT,Improper Search Of Vehicle
29122,25372,1040155,SEARCH OF PREMISE WITHOUT WARRANT,Improper Search Of Vehicle
29122,9042,1040155,SEARCH OF PREMISE WITHOUT WARRANT,Improper Search Of Vehicle
19636,25372,1040155,SEARCH OF PREMISE WITHOUT WARRANT,Improper Search Of Vehicle
19636,9042,1040155,SEARCH OF PREMISE WITHOUT WARRANT,Improper Search Of Vehicle
25372,9042,1040155,SEARCH OF PREMISE WITHOUT WARRANT,Improper Search Of Vehicle
11024,4404,1040190,PUSHPULLGRAB,Excessive Force  On Duty  Injury
25898,13743,1040206,OPEN HAND STRIKE SLAP,Excessive Force  On Duty  No Injury
29126,31682,1040211,CLOSED HAND STRIKE PUNCH,Excessive Force  On Duty  No Injury
18531,4896,1040311,EXCESSIVE FORCE  ON DUTY  INJURY,Domestic Incident  Not Physical
18531,23410,1040311,EXCESSIVE FORCE  ON DUTY  INJURY,Domestic Incident  Not Physical
18531,20866,1040311,EXCESSIVE FORCE  ON DUTY  INJURY,Domestic Incident  Not Physical
4896,23410,1040311,EXCESSIVE FORCE  ON DUTY  INJURY,Domestic Incident  Not Physical
4896,20866,1040311,EXCESSIVE FORCE  ON DUTY  INJURY,Domestic Incident  Not Physical
23410,20866,1040311,EXCESSIVE FORCE  ON DUTY  INJURY,Domestic Incident  Not Physical
18531,4896,1040311,EXCESSIVE FORCE  ON DUTY  INJURY,Inadequate  Failure To Provide Service
18531,23410,1040311,EXCESSIVE FORCE  ON DUTY  INJURY,Inadequate  Failure To Provide Service
18531,20866,1040311,EXCESSIVE FORCE  ON DUTY  INJURY,Inadequate  Failure To Provide Service
4896,23410,1040311,EXCESSIVE FORCE  ON DUTY  INJURY,Inadequate  Failure To Provide Service
4896,20866,1040311,EXCESSIVE FORCE  ON DUTY  INJURY,Inadequate  Failure To Provide Service
23410,20866,1040311,EXCESSIVE FORCE  ON DUTY  INJURY,Inadequate  Failure To Provide Service
30447,650,1040343,CLOSED HAND STRIKE PUNCH,Fail To Obtain A Complaint Register Number
32432,4061,1040376,VEHICLE,Unnecessary Physical Contact  Off Duty  No Injury
32432,25700,1040376,VEHICLE,Unnecessary Physical Contact  Off Duty  No Injury
4061,25700,1040376,VEHICLE,Unnecessary Physical Contact  Off Duty  No Injury
32432,4061,1040376,VEHICLE,Use Of Profanity
32432,25700,1040376,VEHICLE,Use Of Profanity
4061,25700,1040376,VEHICLE,Use Of Profanity
30911,23543,1040417,MISCELLANEOUS,Miscellaneous
21237,27138,1040426,UNNECESSARY PHYSICAL CONTACT  ON DUTY  NO INJURY,Domestic Incident  Not Physical
29155,4567,1040478,CLOSED HAND STRIKE PUNCH,Excessive Force  On Duty  No Injury
22622,19710,1040484,CLOSED HAND STRIKE PUNCH,Excessive Force  On Duty  No Injury
27801,20056,1040490,KICKED,Excessive Force  Use Of Firearm  Off Duty  No Injury
27801,18911,1040490,KICKED,Excessive Force  Use Of Firearm  Off Duty  No Injury
27801,23331,1040490,KICKED,Excessive Force  Use Of Firearm  Off Duty  No Injury
27801,3824,1040490,KICKED,Excessive Force  Use Of Firearm  Off Duty  No Injury
27801,25169,1040490,KICKED,Excessive Force  Use Of Firearm  Off Duty  No Injury
27801,22078,1040490,KICKED,Excessive Force  Use Of Firearm  Off Duty  No Injury
27801,16546,1040490,KICKED,Excessive Force  Use Of Firearm  Off Duty  No Injury
20056,18911,1040490,KICKED,Excessive Force  Use Of Firearm  Off Duty  No Injury
20056,23331,1040490,KICKED,Excessive Force  Use Of Firearm  Off Duty  No Injury
20056,3824,1040490,KICKED,Excessive Force  Use Of Firearm  Off Duty  No Injury
20056,25169,1040490,KICKED,Excessive Force  Use Of Firearm  Off Duty  No Injury
20056,22078,1040490,KICKED,Excessive Force  Use Of Firearm  Off Duty  No Injury
20056,16546,1040490,KICKED,Excessive Force  Use Of Firearm  Off Duty  No Injury
18911,23331,1040490,KICKED,Excessive Force  Use Of Firearm  Off Duty  No Injury
18911,3824,1040490,KICKED,Excessive Force  Use Of Firearm  Off Duty  No Injury
18911,25169,1040490,KICKED,Excessive Force  Use Of Firearm  Off Duty  No Injury
18911,22078,1040490,KICKED,Excessive Force  Use Of Firearm  Off Duty  No Injury
18911,16546,1040490,KICKED,Excessive Force  Use Of Firearm  Off Duty  No Injury
23331,3824,1040490,KICKED,Excessive Force  Use Of Firearm  Off Duty  No Injury
23331,25169,1040490,KICKED,Excessive Force  Use Of Firearm  Off Duty  No Injury
23331,22078,1040490,KICKED,Excessive Force  Use Of Firearm  Off Duty  No Injury
23331,16546,1040490,KICKED,Excessive Force  Use Of Firearm  Off Duty  No Injury
3824,25169,1040490,KICKED,Excessive Force  Use Of Firearm  Off Duty  No Injury
3824,22078,1040490,KICKED,Excessive Force  Use Of Firearm  Off Duty  No Injury
3824,16546,1040490,KICKED,Excessive Force  Use Of Firearm  Off Duty  No Injury
25169,22078,1040490,KICKED,Excessive Force  Use Of Firearm  Off Duty  No Injury
25169,16546,1040490,KICKED,Excessive Force  Use Of Firearm  Off Duty  No Injury
22078,16546,1040490,KICKED,Excessive Force  Use Of Firearm  Off Duty  No Injury
27801,20056,1040490,KICKED,Excessive Force  On Duty  No Injury
27801,18911,1040490,KICKED,Excessive Force  On Duty  No Injury
27801,23331,1040490,KICKED,Excessive Force  On Duty  No Injury
27801,3824,1040490,KICKED,Excessive Force  On Duty  No Injury
27801,25169,1040490,KICKED,Excessive Force  On Duty  No Injury
27801,22078,1040490,KICKED,Excessive Force  On Duty  No Injury
27801,16546,1040490,KICKED,Excessive Force  On Duty  No Injury
20056,18911,1040490,KICKED,Excessive Force  On Duty  No Injury
20056,23331,1040490,KICKED,Excessive Force  On Duty  No Injury
20056,3824,1040490,KICKED,Excessive Force  On Duty  No Injury
20056,25169,1040490,KICKED,Excessive Force  On Duty  No Injury
20056,22078,1040490,KICKED,Excessive Force  On Duty  No Injury
20056,16546,1040490,KICKED,Excessive Force  On Duty  No Injury
18911,23331,1040490,KICKED,Excessive Force  On Duty  No Injury
18911,3824,1040490,KICKED,Excessive Force  On Duty  No Injury
18911,25169,1040490,KICKED,Excessive Force  On Duty  No Injury
18911,22078,1040490,KICKED,Excessive Force  On Duty  No Injury
18911,16546,1040490,KICKED,Excessive Force  On Duty  No Injury
23331,3824,1040490,KICKED,Excessive Force  On Duty  No Injury
23331,25169,1040490,KICKED,Excessive Force  On Duty  No Injury
23331,22078,1040490,KICKED,Excessive Force  On Duty  No Injury
23331,16546,1040490,KICKED,Excessive Force  On Duty  No Injury
3824,25169,1040490,KICKED,Excessive Force  On Duty  No Injury
3824,22078,1040490,KICKED,Excessive Force  On Duty  No Injury
3824,16546,1040490,KICKED,Excessive Force  On Duty  No Injury
25169,22078,1040490,KICKED,Excessive Force  On Duty  No Injury
25169,16546,1040490,KICKED,Excessive Force  On Duty  No Injury
22078,16546,1040490,KICKED,Excessive Force  On Duty  No Injury
27801,20056,1040490,KICKED,Gang Affiliation
27801,18911,1040490,KICKED,Gang Affiliation
27801,23331,1040490,KICKED,Gang Affiliation
27801,3824,1040490,KICKED,Gang Affiliation
27801,25169,1040490,KICKED,Gang Affiliation
27801,22078,1040490,KICKED,Gang Affiliation
27801,16546,1040490,KICKED,Gang Affiliation
20056,18911,1040490,KICKED,Gang Affiliation
20056,23331,1040490,KICKED,Gang Affiliation
20056,3824,1040490,KICKED,Gang Affiliation
20056,25169,1040490,KICKED,Gang Affiliation
20056,22078,1040490,KICKED,Gang Affiliation
20056,16546,1040490,KICKED,Gang Affiliation
18911,23331,1040490,KICKED,Gang Affiliation
18911,3824,1040490,KICKED,Gang Affiliation
18911,25169,1040490,KICKED,Gang Affiliation
18911,22078,1040490,KICKED,Gang Affiliation
18911,16546,1040490,KICKED,Gang Affiliation
23331,3824,1040490,KICKED,Gang Affiliation
23331,25169,1040490,KICKED,Gang Affiliation
23331,22078,1040490,KICKED,Gang Affiliation
23331,16546,1040490,KICKED,Gang Affiliation
3824,25169,1040490,KICKED,Gang Affiliation
3824,22078,1040490,KICKED,Gang Affiliation
3824,16546,1040490,KICKED,Gang Affiliation
25169,22078,1040490,KICKED,Gang Affiliation
25169,16546,1040490,KICKED,Gang Affiliation
22078,16546,1040490,KICKED,Gang Affiliation
516,9712,1040524,RACIAL  ETHNIC ETC,Fail To Obtain A Complaint Register Number
21451,14705,1040568,SEARCH OF VEHICLE  PROPERTY  USC TAKEN,Search Of Premise Without Warrant
21451,18624,1040568,SEARCH OF VEHICLE  PROPERTY  USC TAKEN,Search Of Premise Without Warrant
21451,21941,1040568,SEARCH OF VEHICLE  PROPERTY  USC TAKEN,Search Of Premise Without Warrant
14705,18624,1040568,SEARCH OF VEHICLE  PROPERTY  USC TAKEN,Search Of Premise Without Warrant
14705,21941,1040568,SEARCH OF VEHICLE  PROPERTY  USC TAKEN,Search Of Premise Without Warrant
18624,21941,1040568,SEARCH OF VEHICLE  PROPERTY  USC TAKEN,Search Of Premise Without Warrant
22795,21138,1040579,CLOSED HAND STRIKE PUNCH,Initiate Proper Action
18644,19639,1040595,EXCESSIVE FORCE  ON DUTY  INJURY,Sexual Orientation
39,16191,1040606,TAKE DOWN THROWN TO GROUND,Properly Review  Inspect Subordinate
39,1524,1040606,TAKE DOWN THROWN TO GROUND,Properly Review  Inspect Subordinate
39,5456,1040606,TAKE DOWN THROWN TO GROUND,Properly Review  Inspect Subordinate
16191,1524,1040606,TAKE DOWN THROWN TO GROUND,Properly Review  Inspect Subordinate
16191,5456,1040606,TAKE DOWN THROWN TO GROUND,Properly Review  Inspect Subordinate
1524,5456,1040606,TAKE DOWN THROWN TO GROUND,Properly Review  Inspect Subordinate
39,16191,1040606,TAKE DOWN THROWN TO GROUND,Excessive Force  On Duty  No Injury
39,1524,1040606,TAKE DOWN THROWN TO GROUND,Excessive Force  On Duty  No Injury
39,5456,1040606,TAKE DOWN THROWN TO GROUND,Excessive Force  On Duty  No Injury
16191,1524,1040606,TAKE DOWN THROWN TO GROUND,Excessive Force  On Duty  No Injury
16191,5456,1040606,TAKE DOWN THROWN TO GROUND,Excessive Force  On Duty  No Injury
1524,5456,1040606,TAKE DOWN THROWN TO GROUND,Excessive Force  On Duty  No Injury
39,16191,1040606,TAKE DOWN THROWN TO GROUND,Search Of Premise Without Warrant
39,1524,1040606,TAKE DOWN THROWN TO GROUND,Search Of Premise Without Warrant
39,5456,1040606,TAKE DOWN THROWN TO GROUND,Search Of Premise Without Warrant
16191,1524,1040606,TAKE DOWN THROWN TO GROUND,Search Of Premise Without Warrant
16191,5456,1040606,TAKE DOWN THROWN TO GROUND,Search Of Premise Without Warrant
1524,5456,1040606,TAKE DOWN THROWN TO GROUND,Search Of Premise Without Warrant
5831,32355,1040615,KICKED,Excessive Force  On Duty  No Injury
31924,32122,1040662,MISSING MONEY OR PROPERTY,Search Of Premise Without Warrant
31924,32165,1040662,MISSING MONEY OR PROPERTY,Search Of Premise Without Warrant
31924,29863,1040662,MISSING MONEY OR PROPERTY,Search Of Premise Without Warrant
31924,8916,1040662,MISSING MONEY OR PROPERTY,Search Of Premise Without Warrant
32122,32165,1040662,MISSING MONEY OR PROPERTY,Search Of Premise Without Warrant
32122,29863,1040662,MISSING MONEY OR PROPERTY,Search Of Premise Without Warrant
32122,8916,1040662,MISSING MONEY OR PROPERTY,Search Of Premise Without Warrant
32165,29863,1040662,MISSING MONEY OR PROPERTY,Search Of Premise Without Warrant
32165,8916,1040662,MISSING MONEY OR PROPERTY,Search Of Premise Without Warrant
29863,8916,1040662,MISSING MONEY OR PROPERTY,Search Of Premise Without Warrant
5332,3055,1040724,HANDCUFF TOO TIGHT,Excessive Force  On Duty  Injury
7260,32109,1040737,EEO INVESTIGATIONS,Failure To Ensure  Civil Rights
7260,8776,1040737,EEO INVESTIGATIONS,Failure To Ensure  Civil Rights
32109,8776,1040737,EEO INVESTIGATIONS,Failure To Ensure  Civil Rights
17771,26296,1040810,EXCESSIVE FORCE  ON DUTY  NO INJURY,Domestic Incident  Not Physical
12932,4449,288971,MISCELLANEOUS,Miscellaneous
12932,31578,288971,MISCELLANEOUS,Miscellaneous
12932,31829,288971,MISCELLANEOUS,Miscellaneous
4449,31578,288971,MISCELLANEOUS,Miscellaneous
4449,31829,288971,MISCELLANEOUS,Miscellaneous
31578,31829,288971,MISCELLANEOUS,Miscellaneous
9460,11187,1040867,CONDUCT UNBECOMING,Sexual Orientation
23614,26175,1040881,VEHICLE,Domestic Incident  Not Physical
23614,26175,1040881,VEHICLE,Excessive Force  Use Of Firearm  Off Duty  No Injury
22410,26291,1040887,EXCESSIVE FORCE  ON DUTY  NO INJURY,Excessive Force  On Duty  Injury
22410,1350,1040887,EXCESSIVE FORCE  ON DUTY  NO INJURY,Excessive Force  On Duty  Injury
22410,9322,1040887,EXCESSIVE FORCE  ON DUTY  NO INJURY,Excessive Force  On Duty  Injury
26291,1350,1040887,EXCESSIVE FORCE  ON DUTY  NO INJURY,Excessive Force  On Duty  Injury
26291,9322,1040887,EXCESSIVE FORCE  ON DUTY  NO INJURY,Excessive Force  On Duty  Injury
1350,9322,1040887,EXCESSIVE FORCE  ON DUTY  NO INJURY,Excessive Force  On Duty  Injury
18434,18238,1040932,INSUBORDINATION,Inadequate  Failure To Provide Service
2812,25677,1040997,MISCELLANEOUS,Miscellaneous
2812,29591,1040997,MISCELLANEOUS,Miscellaneous
2812,31576,1040997,MISCELLANEOUS,Miscellaneous
2812,17272,1040997,MISCELLANEOUS,Miscellaneous
25677,29591,1040997,MISCELLANEOUS,Miscellaneous
25677,31576,1040997,MISCELLANEOUS,Miscellaneous
25677,17272,1040997,MISCELLANEOUS,Miscellaneous
29591,31576,1040997,MISCELLANEOUS,Miscellaneous
29591,17272,1040997,MISCELLANEOUS,Miscellaneous
31576,17272,1040997,MISCELLANEOUS,Miscellaneous
4350,29830,1041003,EXCESSIVE FORCE  ON DUTY  INJURY,Domestic Incident  Not Physical
4350,15432,1041003,EXCESSIVE FORCE  ON DUTY  INJURY,Domestic Incident  Not Physical
29830,15432,1041003,EXCESSIVE FORCE  ON DUTY  INJURY,Domestic Incident  Not Physical
9675,19150,1041030,CHOKED,Excessive Force  Off Duty  No Injury
16337,17161,1041038,DOMESTIC ALTERCATION  PHYSICAL ABUSE,Domestic Incident  Not Physical
16337,16338,1041038,DOMESTIC ALTERCATION  PHYSICAL ABUSE,Domestic Incident  Not Physical
17161,16338,1041038,DOMESTIC ALTERCATION  PHYSICAL ABUSE,Domestic Incident  Not Physical
5566,12436,1041048,EXCESSIVE FORCE  ON DUTY  INJURY,Excessive Force  On Duty  No Injury
5566,12017,1041048,EXCESSIVE FORCE  ON DUTY  INJURY,Excessive Force  On Duty  No Injury
12436,12017,1041048,EXCESSIVE FORCE  ON DUTY  INJURY,Excessive Force  On Duty  No Injury
25445,17882,1041107,INADEQUATE  FAILURE TO PROVIDE SERVICE,Reports
10342,3956,1041205,EXCESSIVE FORCE  ON DUTY  INJURY,Unnecessary Physical Contact  On Duty  No Injury
10342,29697,1041205,EXCESSIVE FORCE  ON DUTY  INJURY,Unnecessary Physical Contact  On Duty  No Injury
3956,29697,1041205,EXCESSIVE FORCE  ON DUTY  INJURY,Unnecessary Physical Contact  On Duty  No Injury
17700,32014,1041239,KICKED,Excessive Force  On Duty  No Injury
29814,27369,1041331,MISCELLANEOUS,Search Of Premise Without Warrant
30989,19366,1041357,KICKED,Excessive Force  On Duty  No Injury
11831,31888,1041516,MISCELLANEOUS,Excessive Force  Use Of Firearm  Off Duty  No Injury
7240,20466,1041553,MISCELLANEOUS,Excessive Force  On Duty  No Injury
7240,18611,1041553,MISCELLANEOUS,Excessive Force  On Duty  No Injury
7240,18803,1041553,MISCELLANEOUS,Excessive Force  On Duty  No Injury
20466,18611,1041553,MISCELLANEOUS,Excessive Force  On Duty  No Injury
20466,18803,1041553,MISCELLANEOUS,Excessive Force  On Duty  No Injury
18611,18803,1041553,MISCELLANEOUS,Excessive Force  On Duty  No Injury
32100,15630,1041558,MISCELLANEOUS,Domestic Incident  Not Physical
32100,27408,1041558,MISCELLANEOUS,Domestic Incident  Not Physical
32100,13974,1041558,MISCELLANEOUS,Domestic Incident  Not Physical
32100,28970,1041558,MISCELLANEOUS,Domestic Incident  Not Physical
32100,32118,1041558,MISCELLANEOUS,Domestic Incident  Not Physical
32100,32326,1041558,MISCELLANEOUS,Domestic Incident  Not Physical
32100,15531,1041558,MISCELLANEOUS,Domestic Incident  Not Physical
32100,6882,1041558,MISCELLANEOUS,Domestic Incident  Not Physical
32100,11461,1041558,MISCELLANEOUS,Domestic Incident  Not Physical
32100,5179,1041558,MISCELLANEOUS,Domestic Incident  Not Physical
15630,27408,1041558,MISCELLANEOUS,Domestic Incident  Not Physical
15630,13974,1041558,MISCELLANEOUS,Domestic Incident  Not Physical
15630,28970,1041558,MISCELLANEOUS,Domestic Incident  Not Physical
15630,32118,1041558,MISCELLANEOUS,Domestic Incident  Not Physical
15630,32326,1041558,MISCELLANEOUS,Domestic Incident  Not Physical
15630,15531,1041558,MISCELLANEOUS,Domestic Incident  Not Physical
15630,6882,1041558,MISCELLANEOUS,Domestic Incident  Not Physical
15630,11461,1041558,MISCELLANEOUS,Domestic Incident  Not Physical
15630,5179,1041558,MISCELLANEOUS,Domestic Incident  Not Physical
27408,13974,1041558,MISCELLANEOUS,Domestic Incident  Not Physical
27408,28970,1041558,MISCELLANEOUS,Domestic Incident  Not Physical
27408,32118,1041558,MISCELLANEOUS,Domestic Incident  Not Physical
27408,32326,1041558,MISCELLANEOUS,Domestic Incident  Not Physical
27408,15531,1041558,MISCELLANEOUS,Domestic Incident  Not Physical
27408,6882,1041558,MISCELLANEOUS,Domestic Incident  Not Physical
27408,11461,1041558,MISCELLANEOUS,Domestic Incident  Not Physical
27408,5179,1041558,MISCELLANEOUS,Domestic Incident  Not Physical
13974,28970,1041558,MISCELLANEOUS,Domestic Incident  Not Physical
13974,32118,1041558,MISCELLANEOUS,Domestic Incident  Not Physical
13974,32326,1041558,MISCELLANEOUS,Domestic Incident  Not Physical
13974,15531,1041558,MISCELLANEOUS,Domestic Incident  Not Physical
13974,6882,1041558,MISCELLANEOUS,Domestic Incident  Not Physical
13974,11461,1041558,MISCELLANEOUS,Domestic Incident  Not Physical
13974,5179,1041558,MISCELLANEOUS,Domestic Incident  Not Physical
28970,32118,1041558,MISCELLANEOUS,Domestic Incident  Not Physical
28970,32326,1041558,MISCELLANEOUS,Domestic Incident  Not Physical
28970,15531,1041558,MISCELLANEOUS,Domestic Incident  Not Physical
28970,6882,1041558,MISCELLANEOUS,Domestic Incident  Not Physical
28970,11461,1041558,MISCELLANEOUS,Domestic Incident  Not Physical
28970,5179,1041558,MISCELLANEOUS,Domestic Incident  Not Physical
32118,32326,1041558,MISCELLANEOUS,Domestic Incident  Not Physical
32118,15531,1041558,MISCELLANEOUS,Domestic Incident  Not Physical
32118,6882,1041558,MISCELLANEOUS,Domestic Incident  Not Physical
32118,11461,1041558,MISCELLANEOUS,Domestic Incident  Not Physical
32118,5179,1041558,MISCELLANEOUS,Domestic Incident  Not Physical
32326,15531,1041558,MISCELLANEOUS,Domestic Incident  Not Physical
32326,6882,1041558,MISCELLANEOUS,Domestic Incident  Not Physical
32326,11461,1041558,MISCELLANEOUS,Domestic Incident  Not Physical
32326,5179,1041558,MISCELLANEOUS,Domestic Incident  Not Physical
15531,6882,1041558,MISCELLANEOUS,Domestic Incident  Not Physical
15531,11461,1041558,MISCELLANEOUS,Domestic Incident  Not Physical
15531,5179,1041558,MISCELLANEOUS,Domestic Incident  Not Physical
6882,11461,1041558,MISCELLANEOUS,Domestic Incident  Not Physical
6882,5179,1041558,MISCELLANEOUS,Domestic Incident  Not Physical
11461,5179,1041558,MISCELLANEOUS,Domestic Incident  Not Physical
32154,32142,1041559,TAKE DOWN THROWN TO GROUND,Improper Search Of Vehicle
15897,26004,1041576,MISCELLANEOUS,Domestic Incident  Not Physical
3055,2527,1041582,MISCELLANEOUS,Excessive Force  On Duty  No Injury
21415,15344,1041589,IMPROPER DETENTION,Search Of Premise Without Warrant
21415,15505,1041589,IMPROPER DETENTION,Search Of Premise Without Warrant
21415,24525,1041589,IMPROPER DETENTION,Search Of Premise Without Warrant
15344,15505,1041589,IMPROPER DETENTION,Search Of Premise Without Warrant
15344,24525,1041589,IMPROPER DETENTION,Search Of Premise Without Warrant
15505,24525,1041589,IMPROPER DETENTION,Search Of Premise Without Warrant
9238,11021,1041607,TAKE DOWN THROWN TO GROUND,Domestic Incident  Not Physical
32084,25144,1041670,MISCELLANEOUS,Excessive Force  On Duty  No Injury
352,4464,1041682,MISCELLANEOUS,Excessive Force  On Duty  No Injury
32182,32021,1041712,EXCESSIVE FORCE  ON DUTY  INJURY,Domestic Incident  Not Physical
21710,4927,1041713,PUSHPULLGRAB,Unnecessary Physical Contact  Off Duty  No Injury
21710,1037,1041713,PUSHPULLGRAB,Unnecessary Physical Contact  Off Duty  No Injury
21710,29609,1041713,PUSHPULLGRAB,Unnecessary Physical Contact  Off Duty  No Injury
4927,1037,1041713,PUSHPULLGRAB,Unnecessary Physical Contact  Off Duty  No Injury
4927,29609,1041713,PUSHPULLGRAB,Unnecessary Physical Contact  Off Duty  No Injury
1037,29609,1041713,PUSHPULLGRAB,Unnecessary Physical Contact  Off Duty  No Injury
21710,4927,1041713,PUSHPULLGRAB,Use Of Profanity
21710,1037,1041713,PUSHPULLGRAB,Use Of Profanity
21710,29609,1041713,PUSHPULLGRAB,Use Of Profanity
4927,1037,1041713,PUSHPULLGRAB,Use Of Profanity
4927,29609,1041713,PUSHPULLGRAB,Use Of Profanity
1037,29609,1041713,PUSHPULLGRAB,Use Of Profanity
21710,4927,1041713,PUSHPULLGRAB,Domestic Altercation  Physical Abuse
21710,1037,1041713,PUSHPULLGRAB,Domestic Altercation  Physical Abuse
21710,29609,1041713,PUSHPULLGRAB,Domestic Altercation  Physical Abuse
4927,1037,1041713,PUSHPULLGRAB,Domestic Altercation  Physical Abuse
4927,29609,1041713,PUSHPULLGRAB,Domestic Altercation  Physical Abuse
1037,29609,1041713,PUSHPULLGRAB,Domestic Altercation  Physical Abuse
429,1316,1041740,EXCESSIVE FORCE  ON DUTY  INJURY,Miscellaneous
429,9873,1041740,EXCESSIVE FORCE  ON DUTY  INJURY,Miscellaneous
429,14015,1041740,EXCESSIVE FORCE  ON DUTY  INJURY,Miscellaneous
429,11845,1041740,EXCESSIVE FORCE  ON DUTY  INJURY,Miscellaneous
1316,9873,1041740,EXCESSIVE FORCE  ON DUTY  INJURY,Miscellaneous
1316,14015,1041740,EXCESSIVE FORCE  ON DUTY  INJURY,Miscellaneous
1316,11845,1041740,EXCESSIVE FORCE  ON DUTY  INJURY,Miscellaneous
9873,14015,1041740,EXCESSIVE FORCE  ON DUTY  INJURY,Miscellaneous
9873,11845,1041740,EXCESSIVE FORCE  ON DUTY  INJURY,Miscellaneous
14015,11845,1041740,EXCESSIVE FORCE  ON DUTY  INJURY,Miscellaneous
14433,16303,1041755,ALTERCATION  DISTURBANCE  OTHER,Inadequate  Failure To Provide Service
14433,20300,1041755,ALTERCATION  DISTURBANCE  OTHER,Inadequate  Failure To Provide Service
14433,20301,1041755,ALTERCATION  DISTURBANCE  OTHER,Inadequate  Failure To Provide Service
16303,20300,1041755,ALTERCATION  DISTURBANCE  OTHER,Inadequate  Failure To Provide Service
16303,20301,1041755,ALTERCATION  DISTURBANCE  OTHER,Inadequate  Failure To Provide Service
20300,20301,1041755,ALTERCATION  DISTURBANCE  OTHER,Inadequate  Failure To Provide Service
26217,19259,1041765,EXCESSIVE FORCE  ON DUTY  NO INJURY,Excessive Force  On Duty  Injury
26217,12013,1041765,EXCESSIVE FORCE  ON DUTY  NO INJURY,Excessive Force  On Duty  Injury
26217,21468,1041765,EXCESSIVE FORCE  ON DUTY  NO INJURY,Excessive Force  On Duty  Injury
19259,12013,1041765,EXCESSIVE FORCE  ON DUTY  NO INJURY,Excessive Force  On Duty  Injury
19259,21468,1041765,EXCESSIVE FORCE  ON DUTY  NO INJURY,Excessive Force  On Duty  Injury
12013,21468,1041765,EXCESSIVE FORCE  ON DUTY  NO INJURY,Excessive Force  On Duty  Injury
2988,19812,1041780,MISCELLANEOUS,Miscellaneous
2988,22618,1041780,MISCELLANEOUS,Miscellaneous
2988,31948,1041780,MISCELLANEOUS,Miscellaneous
2988,2676,1041780,MISCELLANEOUS,Miscellaneous
2988,14390,1041780,MISCELLANEOUS,Miscellaneous
19812,22618,1041780,MISCELLANEOUS,Miscellaneous
19812,31948,1041780,MISCELLANEOUS,Miscellaneous
19812,2676,1041780,MISCELLANEOUS,Miscellaneous
19812,14390,1041780,MISCELLANEOUS,Miscellaneous
22618,31948,1041780,MISCELLANEOUS,Miscellaneous
22618,2676,1041780,MISCELLANEOUS,Miscellaneous
22618,14390,1041780,MISCELLANEOUS,Miscellaneous
31948,2676,1041780,MISCELLANEOUS,Miscellaneous
31948,14390,1041780,MISCELLANEOUS,Miscellaneous
2676,14390,1041780,MISCELLANEOUS,Miscellaneous
4349,29934,1041785,MISCELLANEOUS,Unnecessary Physical Contact  On Duty  No Injury
19794,29028,1041840,MISCELLANEOUS,Excessive Force  Use Of Firearm  Off Duty  No Injury
2042,10221,1041846,MISCELLANEOUS,Excessive Force  Use Of Firearm  Off Duty  No Injury
12373,26522,1041953,PUSHPULLGRAB,Unnecessary Physical Contact  On Duty  No Injury
31386,7639,1042007,MISCELLANEOUS,Excessive Force  Use Of Firearm  Off Duty  No Injury
31386,7639,1042007,MISCELLANEOUS,Neglect Of Duty
10014,13304,1042062,EXCESSIVE FORCE  ON DUTY  NO INJURY,Excessive Force  On Duty  Injury
10014,2363,1042062,EXCESSIVE FORCE  ON DUTY  NO INJURY,Excessive Force  On Duty  Injury
13304,2363,1042062,EXCESSIVE FORCE  ON DUTY  NO INJURY,Excessive Force  On Duty  Injury
42,21517,1042126,TAKE DOWN THROWN TO GROUND,Excessive Force  Use Of Firearm  Off Duty  No Injury
6094,809,1042197,PUSHPULLGRAB,Unnecessary Physical Contact  On Duty  No Injury
28472,31219,1042235,MISCELLANEOUS,Association With Felon
28472,2931,1042235,MISCELLANEOUS,Association With Felon
28472,16181,1042235,MISCELLANEOUS,Association With Felon
31219,2931,1042235,MISCELLANEOUS,Association With Felon
31219,16181,1042235,MISCELLANEOUS,Association With Felon
2931,16181,1042235,MISCELLANEOUS,Association With Felon
21293,32025,1042266,TAKE DOWN THROWN TO GROUND,Excessive Force  On Duty  No Injury
32414,2996,1042275,MISCELLANEOUS,Neglect Of Duty
9088,24140,1042347,NO INJURY,Initiate Proper Action
8802,16550,1042377,UNNECESSARY DISPLAY OF WEAPON  ON DUTY,Excessive Force  On Duty  Injury
21283,18193,1042383,CHOKED,Excessive Force  On Duty  No Injury
6327,18764,1042411,EXCESSIVE FORCE  ON DUTY  NO INJURY,Excessive Force  On Duty  Injury
6327,16346,1042411,EXCESSIVE FORCE  ON DUTY  NO INJURY,Excessive Force  On Duty  Injury
6327,28565,1042411,EXCESSIVE FORCE  ON DUTY  NO INJURY,Excessive Force  On Duty  Injury
18764,16346,1042411,EXCESSIVE FORCE  ON DUTY  NO INJURY,Excessive Force  On Duty  Injury
18764,28565,1042411,EXCESSIVE FORCE  ON DUTY  NO INJURY,Excessive Force  On Duty  Injury
16346,28565,1042411,EXCESSIVE FORCE  ON DUTY  NO INJURY,Excessive Force  On Duty  Injury
31229,19521,1042432,UNNECESSARY PHYSICAL CONTACT  ON DUTY  NO INJURY,Domestic Incident  Not Physical
31229,19521,1042433,MISCELLANEOUS,Miscellaneous
31229,16059,1042433,MISCELLANEOUS,Miscellaneous
19521,16059,1042433,MISCELLANEOUS,Miscellaneous
13254,22952,1042440,TASER PROBE DISCHARGE,Miscellaneous
29676,31837,1042474,MISCELLANEOUS,Search Of Premise Without Warrant
19517,19997,1042487,MISCELLANEOUS,Miscellaneous
19517,810,1042487,MISCELLANEOUS,Miscellaneous
19997,810,1042487,MISCELLANEOUS,Miscellaneous
7182,11701,1042498,CHOKED,Excessive Force  On Duty  No Injury
7182,12506,1042498,CHOKED,Excessive Force  On Duty  No Injury
11701,12506,1042498,CHOKED,Excessive Force  On Duty  No Injury
3244,10399,1042518,EXCESSIVE FORCE  ON DUTY  INJURY,Unnecessary Physical Contact  Off Duty  No Injury
3244,10399,1042518,EXCESSIVE FORCE  ON DUTY  INJURY,Reports
8747,25109,1042546,ILLEGAL ARREST  FALSE ARREST,Search Of Premise Without Warrant
8747,337,1042546,ILLEGAL ARREST  FALSE ARREST,Search Of Premise Without Warrant
25109,337,1042546,ILLEGAL ARREST  FALSE ARREST,Search Of Premise Without Warrant
47,26386,1042581,MISCELLANEOUS,Search Of Premise Without Warrant
5501,29767,1042609,EXCESSIVE FORCE  ON DUTY  INJURY,Improper Search Of Person
26258,14492,1042610,KICKED,Excessive Force  On Duty  No Injury
2356,23035,1042613,UNNECESSARY DISPLAY OF WEAPON  OFF DUTY,Unnecessary Physical Contact  Off Duty  No Injury
2356,22497,1042613,UNNECESSARY DISPLAY OF WEAPON  OFF DUTY,Unnecessary Physical Contact  Off Duty  No Injury
2356,19885,1042613,UNNECESSARY DISPLAY OF WEAPON  OFF DUTY,Unnecessary Physical Contact  Off Duty  No Injury
23035,22497,1042613,UNNECESSARY DISPLAY OF WEAPON  OFF DUTY,Unnecessary Physical Contact  Off Duty  No Injury
23035,19885,1042613,UNNECESSARY DISPLAY OF WEAPON  OFF DUTY,Unnecessary Physical Contact  Off Duty  No Injury
22497,19885,1042613,UNNECESSARY DISPLAY OF WEAPON  OFF DUTY,Unnecessary Physical Contact  Off Duty  No Injury
26569,26959,1042633,ILLEGAL ARREST  FALSE ARREST,Miscellaneous
26569,24967,1042633,ILLEGAL ARREST  FALSE ARREST,Miscellaneous
26959,24967,1042633,ILLEGAL ARREST  FALSE ARREST,Miscellaneous
4545,5523,1042634,MISCELLANEOUS,Excessive Force  Use Of Firearm  Off Duty  No Injury
323,31941,1042640,ILLEGAL ARREST  FALSE ARREST,Neglect Of Duty
323,30273,1042640,ILLEGAL ARREST  FALSE ARREST,Neglect Of Duty
31941,30273,1042640,ILLEGAL ARREST  FALSE ARREST,Neglect Of Duty
17103,19048,1042642,CLOSED HAND STRIKE PUNCH,Excessive Force  On Duty  No Injury
31980,8024,1042682,DAMAGE PROPERTY,Search Of Premise Without Warrant
31980,14124,1042682,DAMAGE PROPERTY,Search Of Premise Without Warrant
31980,29445,1042682,DAMAGE PROPERTY,Search Of Premise Without Warrant
31980,635,1042682,DAMAGE PROPERTY,Search Of Premise Without Warrant
31980,4671,1042682,DAMAGE PROPERTY,Search Of Premise Without Warrant
31980,2068,1042682,DAMAGE PROPERTY,Search Of Premise Without Warrant
31980,32394,1042682,DAMAGE PROPERTY,Search Of Premise Without Warrant
8024,14124,1042682,DAMAGE PROPERTY,Search Of Premise Without Warrant
8024,29445,1042682,DAMAGE PROPERTY,Search Of Premise Without Warrant
8024,635,1042682,DAMAGE PROPERTY,Search Of Premise Without Warrant
8024,4671,1042682,DAMAGE PROPERTY,Search Of Premise Without Warrant
8024,2068,1042682,DAMAGE PROPERTY,Search Of Premise Without Warrant
8024,32394,1042682,DAMAGE PROPERTY,Search Of Premise Without Warrant
14124,29445,1042682,DAMAGE PROPERTY,Search Of Premise Without Warrant
14124,635,1042682,DAMAGE PROPERTY,Search Of Premise Without Warrant
14124,4671,1042682,DAMAGE PROPERTY,Search Of Premise Without Warrant
14124,2068,1042682,DAMAGE PROPERTY,Search Of Premise Without Warrant
14124,32394,1042682,DAMAGE PROPERTY,Search Of Premise Without Warrant
29445,635,1042682,DAMAGE PROPERTY,Search Of Premise Without Warrant
29445,4671,1042682,DAMAGE PROPERTY,Search Of Premise Without Warrant
29445,2068,1042682,DAMAGE PROPERTY,Search Of Premise Without Warrant
29445,32394,1042682,DAMAGE PROPERTY,Search Of Premise Without Warrant
635,4671,1042682,DAMAGE PROPERTY,Search Of Premise Without Warrant
635,2068,1042682,DAMAGE PROPERTY,Search Of Premise Without Warrant
635,32394,1042682,DAMAGE PROPERTY,Search Of Premise Without Warrant
4671,2068,1042682,DAMAGE PROPERTY,Search Of Premise Without Warrant
4671,32394,1042682,DAMAGE PROPERTY,Search Of Premise Without Warrant
2068,32394,1042682,DAMAGE PROPERTY,Search Of Premise Without Warrant
24475,32369,1042774,EXCESSIVE FORCE  ON DUTY  NO INJURY,Illegal Arrest  False Arrest
29670,15631,1042788,EXCESSIVE FORCE  ON DUTY  INJURY,Unnecessary Physical Contact  On Duty  No Injury
29670,32383,1042788,EXCESSIVE FORCE  ON DUTY  INJURY,Unnecessary Physical Contact  On Duty  No Injury
15631,32383,1042788,EXCESSIVE FORCE  ON DUTY  INJURY,Unnecessary Physical Contact  On Duty  No Injury
29670,15631,1042788,EXCESSIVE FORCE  ON DUTY  INJURY,Unnecessary Display Of Weapon  On Duty
29670,32383,1042788,EXCESSIVE FORCE  ON DUTY  INJURY,Unnecessary Display Of Weapon  On Duty
15631,32383,1042788,EXCESSIVE FORCE  ON DUTY  INJURY,Unnecessary Display Of Weapon  On Duty
31756,23911,1042791,MISCELLANEOUS,Miscellaneous
23661,9705,1042819,MISCELLANEOUS,Excessive Force  Use Of Firearm  Off Duty  No Injury
23661,30254,1042819,MISCELLANEOUS,Excessive Force  Use Of Firearm  Off Duty  No Injury
23661,650,1042819,MISCELLANEOUS,Excessive Force  Use Of Firearm  Off Duty  No Injury
9705,30254,1042819,MISCELLANEOUS,Excessive Force  Use Of Firearm  Off Duty  No Injury
9705,650,1042819,MISCELLANEOUS,Excessive Force  Use Of Firearm  Off Duty  No Injury
30254,650,1042819,MISCELLANEOUS,Excessive Force  Use Of Firearm  Off Duty  No Injury
10659,15622,1042822,MISCELLANEOUS,Miscellaneous
15650,8787,1042900,PRISONERS PROPERTY,Inventory Procedures
15650,21266,1042900,PRISONERS PROPERTY,Inventory Procedures
15650,17718,1042900,PRISONERS PROPERTY,Inventory Procedures
8787,21266,1042900,PRISONERS PROPERTY,Inventory Procedures
8787,17718,1042900,PRISONERS PROPERTY,Inventory Procedures
21266,17718,1042900,PRISONERS PROPERTY,Inventory Procedures
4665,26583,1043064,MISCELLANEOUS,Unnecessary Physical Contact  On Duty  No Injury
24191,5674,1043126,MISCELLANEOUS,Excessive Force  Use Of Firearm  Off Duty  No Injury
24191,3564,1043126,MISCELLANEOUS,Excessive Force  Use Of Firearm  Off Duty  No Injury
5674,3564,1043126,MISCELLANEOUS,Excessive Force  Use Of Firearm  Off Duty  No Injury
26868,22292,1043144,PUSHPULLGRAB,Unnecessary Physical Contact  On Duty  No Injury
25168,25008,1043270,CHOKED,Proper Care  Injury  Death
25168,32035,1043270,CHOKED,Proper Care  Injury  Death
25168,13209,1043270,CHOKED,Proper Care  Injury  Death
25008,32035,1043270,CHOKED,Proper Care  Injury  Death
25008,13209,1043270,CHOKED,Proper Care  Injury  Death
32035,13209,1043270,CHOKED,Proper Care  Injury  Death
25168,25008,1043270,CHOKED,Excessive Force  On Duty  No Injury
25168,32035,1043270,CHOKED,Excessive Force  On Duty  No Injury
25168,13209,1043270,CHOKED,Excessive Force  On Duty  No Injury
25008,32035,1043270,CHOKED,Excessive Force  On Duty  No Injury
25008,13209,1043270,CHOKED,Excessive Force  On Duty  No Injury
32035,13209,1043270,CHOKED,Excessive Force  On Duty  No Injury
12290,15418,1043181,MISCELLANEOUS,Excessive Force  On Duty  No Injury
12312,470,1043198,UNJUSTIFIED POINTING OF FIREARM  HANDGUN,Excessive Force  On Duty  Injury
4182,29300,1043199,DOMESTIC INCIDENT  NOT PHYSICAL,Misuse Of Department Equipment  Supplies
5012,21876,1043223,TAKE DOWN THROWN TO GROUND,Excessive Force  On Duty  No Injury
16515,4118,1043323,MISCELLANEOUS,Improper Search Of Vehicle
16515,25540,1043323,MISCELLANEOUS,Improper Search Of Vehicle
16515,17377,1043323,MISCELLANEOUS,Improper Search Of Vehicle
16515,25237,1043323,MISCELLANEOUS,Improper Search Of Vehicle
16515,1692,1043323,MISCELLANEOUS,Improper Search Of Vehicle
16515,6591,1043323,MISCELLANEOUS,Improper Search Of Vehicle
4118,25540,1043323,MISCELLANEOUS,Improper Search Of Vehicle
4118,17377,1043323,MISCELLANEOUS,Improper Search Of Vehicle
4118,25237,1043323,MISCELLANEOUS,Improper Search Of Vehicle
4118,1692,1043323,MISCELLANEOUS,Improper Search Of Vehicle
4118,6591,1043323,MISCELLANEOUS,Improper Search Of Vehicle
25540,17377,1043323,MISCELLANEOUS,Improper Search Of Vehicle
25540,25237,1043323,MISCELLANEOUS,Improper Search Of Vehicle
25540,1692,1043323,MISCELLANEOUS,Improper Search Of Vehicle
25540,6591,1043323,MISCELLANEOUS,Improper Search Of Vehicle
17377,25237,1043323,MISCELLANEOUS,Improper Search Of Vehicle
17377,1692,1043323,MISCELLANEOUS,Improper Search Of Vehicle
17377,6591,1043323,MISCELLANEOUS,Improper Search Of Vehicle
25237,1692,1043323,MISCELLANEOUS,Improper Search Of Vehicle
25237,6591,1043323,MISCELLANEOUS,Improper Search Of Vehicle
1692,6591,1043323,MISCELLANEOUS,Improper Search Of Vehicle
17117,2161,1043338,MISCELLANEOUS,Excessive Force  On Duty  No Injury
17117,2161,1043338,MISCELLANEOUS,Unnecessary Physical Contact  On Duty  No Injury
24922,10633,1043361,VEHICLE,Fail To Obtain A Complaint Register Number
24922,24451,1043361,VEHICLE,Fail To Obtain A Complaint Register Number
24922,23514,1043361,VEHICLE,Fail To Obtain A Complaint Register Number
10633,24451,1043361,VEHICLE,Fail To Obtain A Complaint Register Number
10633,23514,1043361,VEHICLE,Fail To Obtain A Complaint Register Number
24451,23514,1043361,VEHICLE,Fail To Obtain A Complaint Register Number
24922,10633,1043361,VEHICLE,Unnecessary Physical Contact  On Duty  No Injury
24922,24451,1043361,VEHICLE,Unnecessary Physical Contact  On Duty  No Injury
24922,23514,1043361,VEHICLE,Unnecessary Physical Contact  On Duty  No Injury
10633,24451,1043361,VEHICLE,Unnecessary Physical Contact  On Duty  No Injury
10633,23514,1043361,VEHICLE,Unnecessary Physical Contact  On Duty  No Injury
24451,23514,1043361,VEHICLE,Unnecessary Physical Contact  On Duty  No Injury
25759,24577,1043379,PROPER CARE  INJURY  DEATH,Search  Person  Property
32039,32176,1043405,PUSHED TO GROUND,Unnecessary Physical Contact  On Duty  No Injury
6692,11942,1043431,MISCELLANEOUS,Excessive Force  On Duty  No Injury
12460,27223,1043455,UNNECESSARY PHYSICAL CONTACT  ON DUTY  NO INJURY,Excessive Force  On Duty  No Injury
30039,19457,1043460,MISCELLANEOUS,Excessive Force  Use Of Firearm  Off Duty  No Injury
25978,22838,1043471,IMPROPER DETENTION,Inadequate  Failure To Provide Service
25978,28507,1043471,IMPROPER DETENTION,Inadequate  Failure To Provide Service
22838,28507,1043471,IMPROPER DETENTION,Inadequate  Failure To Provide Service
32432,5328,1043518,MISSING MONEY OR PROPERTY,Search Of Premise Without Warrant
32432,25700,1043518,MISSING MONEY OR PROPERTY,Search Of Premise Without Warrant
32432,31892,1043518,MISSING MONEY OR PROPERTY,Search Of Premise Without Warrant
5328,25700,1043518,MISSING MONEY OR PROPERTY,Search Of Premise Without Warrant
5328,31892,1043518,MISSING MONEY OR PROPERTY,Search Of Premise Without Warrant
25700,31892,1043518,MISSING MONEY OR PROPERTY,Search Of Premise Without Warrant
5498,24891,1043603,NEGLECT OF DUTY,Inventory Procedures
5498,27800,1043603,NEGLECT OF DUTY,Inventory Procedures
5498,32435,1043603,NEGLECT OF DUTY,Inventory Procedures
24891,27800,1043603,NEGLECT OF DUTY,Inventory Procedures
24891,32435,1043603,NEGLECT OF DUTY,Inventory Procedures
27800,32435,1043603,NEGLECT OF DUTY,Inventory Procedures
2532,30039,1043608,MISCELLANEOUS,Illegal Arrest  False Arrest
2532,30039,1043608,MISCELLANEOUS,Domestic Incident  Not Physical
13529,12830,1043656,STREET,Improper Search Of Vehicle
29175,4094,1043660,MISCELLANEOUS,Prisoners Property
8713,8642,1043717,STOMPED  STEPPED ON,Excessive Force  On Duty  No Injury
18518,4927,1043743,UNNECESSARY PHYSICAL CONTACT  ON DUTY  NO INJURY,Domestic Incident  Not Physical
18518,1037,1043743,UNNECESSARY PHYSICAL CONTACT  ON DUTY  NO INJURY,Domestic Incident  Not Physical
4927,1037,1043743,UNNECESSARY PHYSICAL CONTACT  ON DUTY  NO INJURY,Domestic Incident  Not Physical
5491,14339,1043748,PUSHPULLGRAB,Use Of Profanity
9062,31760,1043800,PUSHED TO GROUND,Domestic Incident  Not Physical
1075,8586,1043809,IMPROPER DETENTION,Improper Search Of Person
1075,9213,1043809,IMPROPER DETENTION,Improper Search Of Person
1075,5944,1043809,IMPROPER DETENTION,Improper Search Of Person
1075,393,1043809,IMPROPER DETENTION,Improper Search Of Person
8586,9213,1043809,IMPROPER DETENTION,Improper Search Of Person
8586,5944,1043809,IMPROPER DETENTION,Improper Search Of Person
8586,393,1043809,IMPROPER DETENTION,Improper Search Of Person
9213,5944,1043809,IMPROPER DETENTION,Improper Search Of Person
9213,393,1043809,IMPROPER DETENTION,Improper Search Of Person
5944,393,1043809,IMPROPER DETENTION,Improper Search Of Person
25969,5335,1043906,UNNECESSARY PHYSICAL CONTACT  ON DUTY  NO INJURY,Domestic Incident  Not Physical
1189,3793,1043909,RACIAL  ETHNIC ETC,Improper Search Of Person
13605,10119,1043945,MISCELLANEOUS,Miscellaneous
13605,25203,1043945,MISCELLANEOUS,Miscellaneous
10119,25203,1043945,MISCELLANEOUS,Miscellaneous
30746,24029,1043965,MISCELLANEOUS,Use Of Profanity
30746,24947,1043965,MISCELLANEOUS,Use Of Profanity
24029,24947,1043965,MISCELLANEOUS,Use Of Profanity
30746,24029,1043965,MISCELLANEOUS,Altercation  Disturbance  Other
30746,24947,1043965,MISCELLANEOUS,Altercation  Disturbance  Other
24029,24947,1043965,MISCELLANEOUS,Altercation  Disturbance  Other
30746,24029,1043965,MISCELLANEOUS,Miscellaneous
30746,24947,1043965,MISCELLANEOUS,Miscellaneous
24029,24947,1043965,MISCELLANEOUS,Miscellaneous
32039,32176,1044000,IMPACT WEAPON  AUTHORIZED BATON  ASP,Excessive Force  On Duty  No Injury
5332,20891,1044008,FALSE TESTIMONY IN COURT,Use Of Official Position
5332,24064,1044008,FALSE TESTIMONY IN COURT,Use Of Official Position
20891,24064,1044008,FALSE TESTIMONY IN COURT,Use Of Official Position
23876,1272,1044125,CONDUCT UNBECOMING,Miscellaneous
23876,27284,1044125,CONDUCT UNBECOMING,Miscellaneous
1272,27284,1044125,CONDUCT UNBECOMING,Miscellaneous
32452,32451,1044128,CONDUCT UNBECOMING,Miscellaneous
6119,8691,1044138,UNNECESSARY DISPLAY OF WEAPON  ON DUTY,Unnecessary Display Of Weapon  On Duty
17593,27962,1044171,ILLEGAL ARREST  FALSE ARREST,Improper Search Of Vehicle
27725,27900,1044387,PUSHPULLGRAB,Excessive Force  On Duty  Injury
27725,6763,1044387,PUSHPULLGRAB,Excessive Force  On Duty  Injury
27900,6763,1044387,PUSHPULLGRAB,Excessive Force  On Duty  Injury
3017,10138,1044510,UNNECESSARY DISPLAY OF WEAPON  ON DUTY,Neglect Of Duty
3017,14903,1044510,UNNECESSARY DISPLAY OF WEAPON  ON DUTY,Neglect Of Duty
3017,29380,1044510,UNNECESSARY DISPLAY OF WEAPON  ON DUTY,Neglect Of Duty
3017,27373,1044510,UNNECESSARY DISPLAY OF WEAPON  ON DUTY,Neglect Of Duty
3017,30515,1044510,UNNECESSARY DISPLAY OF WEAPON  ON DUTY,Neglect Of Duty
3017,3694,1044510,UNNECESSARY DISPLAY OF WEAPON  ON DUTY,Neglect Of Duty
10138,14903,1044510,UNNECESSARY DISPLAY OF WEAPON  ON DUTY,Neglect Of Duty
10138,29380,1044510,UNNECESSARY DISPLAY OF WEAPON  ON DUTY,Neglect Of Duty
10138,27373,1044510,UNNECESSARY DISPLAY OF WEAPON  ON DUTY,Neglect Of Duty
10138,30515,1044510,UNNECESSARY DISPLAY OF WEAPON  ON DUTY,Neglect Of Duty
10138,3694,1044510,UNNECESSARY DISPLAY OF WEAPON  ON DUTY,Neglect Of Duty
14903,29380,1044510,UNNECESSARY DISPLAY OF WEAPON  ON DUTY,Neglect Of Duty
14903,27373,1044510,UNNECESSARY DISPLAY OF WEAPON  ON DUTY,Neglect Of Duty
14903,30515,1044510,UNNECESSARY DISPLAY OF WEAPON  ON DUTY,Neglect Of Duty
14903,3694,1044510,UNNECESSARY DISPLAY OF WEAPON  ON DUTY,Neglect Of Duty
29380,27373,1044510,UNNECESSARY DISPLAY OF WEAPON  ON DUTY,Neglect Of Duty
29380,30515,1044510,UNNECESSARY DISPLAY OF WEAPON  ON DUTY,Neglect Of Duty
29380,3694,1044510,UNNECESSARY DISPLAY OF WEAPON  ON DUTY,Neglect Of Duty
27373,30515,1044510,UNNECESSARY DISPLAY OF WEAPON  ON DUTY,Neglect Of Duty
27373,3694,1044510,UNNECESSARY DISPLAY OF WEAPON  ON DUTY,Neglect Of Duty
30515,3694,1044510,UNNECESSARY DISPLAY OF WEAPON  ON DUTY,Neglect Of Duty
28528,2476,1044544,MISCELLANEOUS,Unnecessary Physical Contact  On Duty  No Injury
22645,31809,1044564,MISCELLANEOUS,Domestic Incident  Not Physical
18721,4665,1044569,UNNECESSARY PHYSICAL CONTACT  ON DUTY  NO INJURY,Fail To Obtain A Complaint Register Number
2201,18998,1044624,MISCELLANEOUS,Reports
22292,15473,1044662,MISCELLANEOUS,Improper Search Of Vehicle
25138,1381,1044667,UNNECESSARY DISPLAY OF WEAPON  ON DUTY,Use Of Profanity
31946,32190,1044747,EXCESSIVE FORCE  ON DUTY  INJURY,Excessive Force  Use Of Firearm  Off Duty  No Injury
20913,27423,1044775,EXCESSIVE FORCE  ON DUTY  INJURY,Domestic Incident  Not Physical
20913,16812,1044775,EXCESSIVE FORCE  ON DUTY  INJURY,Domestic Incident  Not Physical
20913,26857,1044775,EXCESSIVE FORCE  ON DUTY  INJURY,Domestic Incident  Not Physical
27423,16812,1044775,EXCESSIVE FORCE  ON DUTY  INJURY,Domestic Incident  Not Physical
27423,26857,1044775,EXCESSIVE FORCE  ON DUTY  INJURY,Domestic Incident  Not Physical
16812,26857,1044775,EXCESSIVE FORCE  ON DUTY  INJURY,Domestic Incident  Not Physical
20913,27423,1044775,EXCESSIVE FORCE  ON DUTY  INJURY,Sexual Orientation
20913,16812,1044775,EXCESSIVE FORCE  ON DUTY  INJURY,Sexual Orientation
20913,26857,1044775,EXCESSIVE FORCE  ON DUTY  INJURY,Sexual Orientation
27423,16812,1044775,EXCESSIVE FORCE  ON DUTY  INJURY,Sexual Orientation
27423,26857,1044775,EXCESSIVE FORCE  ON DUTY  INJURY,Sexual Orientation
16812,26857,1044775,EXCESSIVE FORCE  ON DUTY  INJURY,Sexual Orientation
20121,27365,1044790,TASER PROBE DISCHARGE,Excessive Force  On Duty  No Injury
12834,5879,1044802,EXCESSIVE FORCE  ON DUTY  INJURY,Unnecessary Physical Contact  On Duty  No Injury
21325,8138,1044883,MISCELLANEOUS,Excessive Force  Use Of Firearm  Off Duty  No Injury
21325,12412,1044883,MISCELLANEOUS,Excessive Force  Use Of Firearm  Off Duty  No Injury
21325,29670,1044883,MISCELLANEOUS,Excessive Force  Use Of Firearm  Off Duty  No Injury
21325,15631,1044883,MISCELLANEOUS,Excessive Force  Use Of Firearm  Off Duty  No Injury
21325,32383,1044883,MISCELLANEOUS,Excessive Force  Use Of Firearm  Off Duty  No Injury
21325,14476,1044883,MISCELLANEOUS,Excessive Force  Use Of Firearm  Off Duty  No Injury
8138,12412,1044883,MISCELLANEOUS,Excessive Force  Use Of Firearm  Off Duty  No Injury
8138,29670,1044883,MISCELLANEOUS,Excessive Force  Use Of Firearm  Off Duty  No Injury
8138,15631,1044883,MISCELLANEOUS,Excessive Force  Use Of Firearm  Off Duty  No Injury
8138,32383,1044883,MISCELLANEOUS,Excessive Force  Use Of Firearm  Off Duty  No Injury
8138,14476,1044883,MISCELLANEOUS,Excessive Force  Use Of Firearm  Off Duty  No Injury
12412,29670,1044883,MISCELLANEOUS,Excessive Force  Use Of Firearm  Off Duty  No Injury
12412,15631,1044883,MISCELLANEOUS,Excessive Force  Use Of Firearm  Off Duty  No Injury
12412,32383,1044883,MISCELLANEOUS,Excessive Force  Use Of Firearm  Off Duty  No Injury
12412,14476,1044883,MISCELLANEOUS,Excessive Force  Use Of Firearm  Off Duty  No Injury
29670,15631,1044883,MISCELLANEOUS,Excessive Force  Use Of Firearm  Off Duty  No Injury
29670,32383,1044883,MISCELLANEOUS,Excessive Force  Use Of Firearm  Off Duty  No Injury
29670,14476,1044883,MISCELLANEOUS,Excessive Force  Use Of Firearm  Off Duty  No Injury
15631,32383,1044883,MISCELLANEOUS,Excessive Force  Use Of Firearm  Off Duty  No Injury
15631,14476,1044883,MISCELLANEOUS,Excessive Force  Use Of Firearm  Off Duty  No Injury
32383,14476,1044883,MISCELLANEOUS,Excessive Force  Use Of Firearm  Off Duty  No Injury
21325,8138,1044883,MISCELLANEOUS,Use Of Profanity
21325,12412,1044883,MISCELLANEOUS,Use Of Profanity
21325,29670,1044883,MISCELLANEOUS,Use Of Profanity
21325,15631,1044883,MISCELLANEOUS,Use Of Profanity
21325,32383,1044883,MISCELLANEOUS,Use Of Profanity
21325,14476,1044883,MISCELLANEOUS,Use Of Profanity
8138,12412,1044883,MISCELLANEOUS,Use Of Profanity
8138,29670,1044883,MISCELLANEOUS,Use Of Profanity
8138,15631,1044883,MISCELLANEOUS,Use Of Profanity
8138,32383,1044883,MISCELLANEOUS,Use Of Profanity
8138,14476,1044883,MISCELLANEOUS,Use Of Profanity
12412,29670,1044883,MISCELLANEOUS,Use Of Profanity
12412,15631,1044883,MISCELLANEOUS,Use Of Profanity
12412,32383,1044883,MISCELLANEOUS,Use Of Profanity
12412,14476,1044883,MISCELLANEOUS,Use Of Profanity
29670,15631,1044883,MISCELLANEOUS,Use Of Profanity
29670,32383,1044883,MISCELLANEOUS,Use Of Profanity
29670,14476,1044883,MISCELLANEOUS,Use Of Profanity
15631,32383,1044883,MISCELLANEOUS,Use Of Profanity
15631,14476,1044883,MISCELLANEOUS,Use Of Profanity
32383,14476,1044883,MISCELLANEOUS,Use Of Profanity
31853,21887,1044893,EXCESSIVE FORCE  ON DUTY  INJURY,Excessive Force  On Duty  No Injury
10347,3610,1044896,EXCESSIVE FORCE  ON DUTY  INJURY,Unnecessary Display Of Weapon  Off Duty
10347,32388,1044896,EXCESSIVE FORCE  ON DUTY  INJURY,Unnecessary Display Of Weapon  Off Duty
10347,4137,1044896,EXCESSIVE FORCE  ON DUTY  INJURY,Unnecessary Display Of Weapon  Off Duty
10347,9527,1044896,EXCESSIVE FORCE  ON DUTY  INJURY,Unnecessary Display Of Weapon  Off Duty
10347,32255,1044896,EXCESSIVE FORCE  ON DUTY  INJURY,Unnecessary Display Of Weapon  Off Duty
10347,32338,1044896,EXCESSIVE FORCE  ON DUTY  INJURY,Unnecessary Display Of Weapon  Off Duty
10347,25191,1044896,EXCESSIVE FORCE  ON DUTY  INJURY,Unnecessary Display Of Weapon  Off Duty
10347,32125,1044896,EXCESSIVE FORCE  ON DUTY  INJURY,Unnecessary Display Of Weapon  Off Duty
10347,32180,1044896,EXCESSIVE FORCE  ON DUTY  INJURY,Unnecessary Display Of Weapon  Off Duty
10347,6649,1044896,EXCESSIVE FORCE  ON DUTY  INJURY,Unnecessary Display Of Weapon  Off Duty
3610,32388,1044896,EXCESSIVE FORCE  ON DUTY  INJURY,Unnecessary Display Of Weapon  Off Duty
3610,4137,1044896,EXCESSIVE FORCE  ON DUTY  INJURY,Unnecessary Display Of Weapon  Off Duty
3610,9527,1044896,EXCESSIVE FORCE  ON DUTY  INJURY,Unnecessary Display Of Weapon  Off Duty
3610,32255,1044896,EXCESSIVE FORCE  ON DUTY  INJURY,Unnecessary Display Of Weapon  Off Duty
3610,32338,1044896,EXCESSIVE FORCE  ON DUTY  INJURY,Unnecessary Display Of Weapon  Off Duty
3610,25191,1044896,EXCESSIVE FORCE  ON DUTY  INJURY,Unnecessary Display Of Weapon  Off Duty
3610,32125,1044896,EXCESSIVE FORCE  ON DUTY  INJURY,Unnecessary Display Of Weapon  Off Duty
3610,32180,1044896,EXCESSIVE FORCE  ON DUTY  INJURY,Unnecessary Display Of Weapon  Off Duty
3610,6649,1044896,EXCESSIVE FORCE  ON DUTY  INJURY,Unnecessary Display Of Weapon  Off Duty
32388,4137,1044896,EXCESSIVE FORCE  ON DUTY  INJURY,Unnecessary Display Of Weapon  Off Duty
32388,9527,1044896,EXCESSIVE FORCE  ON DUTY  INJURY,Unnecessary Display Of Weapon  Off Duty
32388,32255,1044896,EXCESSIVE FORCE  ON DUTY  INJURY,Unnecessary Display Of Weapon  Off Duty
32388,32338,1044896,EXCESSIVE FORCE  ON DUTY  INJURY,Unnecessary Display Of Weapon  Off Duty
32388,25191,1044896,EXCESSIVE FORCE  ON DUTY  INJURY,Unnecessary Display Of Weapon  Off Duty
32388,32125,1044896,EXCESSIVE FORCE  ON DUTY  INJURY,Unnecessary Display Of Weapon  Off Duty
32388,32180,1044896,EXCESSIVE FORCE  ON DUTY  INJURY,Unnecessary Display Of Weapon  Off Duty
32388,6649,1044896,EXCESSIVE FORCE  ON DUTY  INJURY,Unnecessary Display Of Weapon  Off Duty
4137,9527,1044896,EXCESSIVE FORCE  ON DUTY  INJURY,Unnecessary Display Of Weapon  Off Duty
4137,32255,1044896,EXCESSIVE FORCE  ON DUTY  INJURY,Unnecessary Display Of Weapon  Off Duty
4137,32338,1044896,EXCESSIVE FORCE  ON DUTY  INJURY,Unnecessary Display Of Weapon  Off Duty
4137,25191,1044896,EXCESSIVE FORCE  ON DUTY  INJURY,Unnecessary Display Of Weapon  Off Duty
4137,32125,1044896,EXCESSIVE FORCE  ON DUTY  INJURY,Unnecessary Display Of Weapon  Off Duty
4137,32180,1044896,EXCESSIVE FORCE  ON DUTY  INJURY,Unnecessary Display Of Weapon  Off Duty
4137,6649,1044896,EXCESSIVE FORCE  ON DUTY  INJURY,Unnecessary Display Of Weapon  Off Duty
9527,32255,1044896,EXCESSIVE FORCE  ON DUTY  INJURY,Unnecessary Display Of Weapon  Off Duty
9527,32338,1044896,EXCESSIVE FORCE  ON DUTY  INJURY,Unnecessary Display Of Weapon  Off Duty
9527,25191,1044896,EXCESSIVE FORCE  ON DUTY  INJURY,Unnecessary Display Of Weapon  Off Duty
9527,32125,1044896,EXCESSIVE FORCE  ON DUTY  INJURY,Unnecessary Display Of Weapon  Off Duty
9527,32180,1044896,EXCESSIVE FORCE  ON DUTY  INJURY,Unnecessary Display Of Weapon  Off Duty
9527,6649,1044896,EXCESSIVE FORCE  ON DUTY  INJURY,Unnecessary Display Of Weapon  Off Duty
32255,32338,1044896,EXCESSIVE FORCE  ON DUTY  INJURY,Unnecessary Display Of Weapon  Off Duty
32255,25191,1044896,EXCESSIVE FORCE  ON DUTY  INJURY,Unnecessary Display Of Weapon  Off Duty
32255,32125,1044896,EXCESSIVE FORCE  ON DUTY  INJURY,Unnecessary Display Of Weapon  Off Duty
32255,32180,1044896,EXCESSIVE FORCE  ON DUTY  INJURY,Unnecessary Display Of Weapon  Off Duty
32255,6649,1044896,EXCESSIVE FORCE  ON DUTY  INJURY,Unnecessary Display Of Weapon  Off Duty
32338,25191,1044896,EXCESSIVE FORCE  ON DUTY  INJURY,Unnecessary Display Of Weapon  Off Duty
32338,32125,1044896,EXCESSIVE FORCE  ON DUTY  INJURY,Unnecessary Display Of Weapon  Off Duty
32338,32180,1044896,EXCESSIVE FORCE  ON DUTY  INJURY,Unnecessary Display Of Weapon  Off Duty
32338,6649,1044896,EXCESSIVE FORCE  ON DUTY  INJURY,Unnecessary Display Of Weapon  Off Duty
25191,32125,1044896,EXCESSIVE FORCE  ON DUTY  INJURY,Unnecessary Display Of Weapon  Off Duty
25191,32180,1044896,EXCESSIVE FORCE  ON DUTY  INJURY,Unnecessary Display Of Weapon  Off Duty
25191,6649,1044896,EXCESSIVE FORCE  ON DUTY  INJURY,Unnecessary Display Of Weapon  Off Duty
32125,32180,1044896,EXCESSIVE FORCE  ON DUTY  INJURY,Unnecessary Display Of Weapon  Off Duty
32125,6649,1044896,EXCESSIVE FORCE  ON DUTY  INJURY,Unnecessary Display Of Weapon  Off Duty
32180,6649,1044896,EXCESSIVE FORCE  ON DUTY  INJURY,Unnecessary Display Of Weapon  Off Duty
10347,3610,1044896,EXCESSIVE FORCE  ON DUTY  INJURY,Excessive Force  On Duty  No Injury
10347,32388,1044896,EXCESSIVE FORCE  ON DUTY  INJURY,Excessive Force  On Duty  No Injury
10347,4137,1044896,EXCESSIVE FORCE  ON DUTY  INJURY,Excessive Force  On Duty  No Injury
10347,9527,1044896,EXCESSIVE FORCE  ON DUTY  INJURY,Excessive Force  On Duty  No Injury
10347,32255,1044896,EXCESSIVE FORCE  ON DUTY  INJURY,Excessive Force  On Duty  No Injury
10347,32338,1044896,EXCESSIVE FORCE  ON DUTY  INJURY,Excessive Force  On Duty  No Injury
10347,25191,1044896,EXCESSIVE FORCE  ON DUTY  INJURY,Excessive Force  On Duty  No Injury
10347,32125,1044896,EXCESSIVE FORCE  ON DUTY  INJURY,Excessive Force  On Duty  No Injury
10347,32180,1044896,EXCESSIVE FORCE  ON DUTY  INJURY,Excessive Force  On Duty  No Injury
10347,6649,1044896,EXCESSIVE FORCE  ON DUTY  INJURY,Excessive Force  On Duty  No Injury
3610,32388,1044896,EXCESSIVE FORCE  ON DUTY  INJURY,Excessive Force  On Duty  No Injury
3610,4137,1044896,EXCESSIVE FORCE  ON DUTY  INJURY,Excessive Force  On Duty  No Injury
3610,9527,1044896,EXCESSIVE FORCE  ON DUTY  INJURY,Excessive Force  On Duty  No Injury
3610,32255,1044896,EXCESSIVE FORCE  ON DUTY  INJURY,Excessive Force  On Duty  No Injury
3610,32338,1044896,EXCESSIVE FORCE  ON DUTY  INJURY,Excessive Force  On Duty  No Injury
3610,25191,1044896,EXCESSIVE FORCE  ON DUTY  INJURY,Excessive Force  On Duty  No Injury
3610,32125,1044896,EXCESSIVE FORCE  ON DUTY  INJURY,Excessive Force  On Duty  No Injury
3610,32180,1044896,EXCESSIVE FORCE  ON DUTY  INJURY,Excessive Force  On Duty  No Injury
3610,6649,1044896,EXCESSIVE FORCE  ON DUTY  INJURY,Excessive Force  On Duty  No Injury
32388,4137,1044896,EXCESSIVE FORCE  ON DUTY  INJURY,Excessive Force  On Duty  No Injury
32388,9527,1044896,EXCESSIVE FORCE  ON DUTY  INJURY,Excessive Force  On Duty  No Injury
32388,32255,1044896,EXCESSIVE FORCE  ON DUTY  INJURY,Excessive Force  On Duty  No Injury
32388,32338,1044896,EXCESSIVE FORCE  ON DUTY  INJURY,Excessive Force  On Duty  No Injury
32388,25191,1044896,EXCESSIVE FORCE  ON DUTY  INJURY,Excessive Force  On Duty  No Injury
32388,32125,1044896,EXCESSIVE FORCE  ON DUTY  INJURY,Excessive Force  On Duty  No Injury
32388,32180,1044896,EXCESSIVE FORCE  ON DUTY  INJURY,Excessive Force  On Duty  No Injury
32388,6649,1044896,EXCESSIVE FORCE  ON DUTY  INJURY,Excessive Force  On Duty  No Injury
4137,9527,1044896,EXCESSIVE FORCE  ON DUTY  INJURY,Excessive Force  On Duty  No Injury
4137,32255,1044896,EXCESSIVE FORCE  ON DUTY  INJURY,Excessive Force  On Duty  No Injury
4137,32338,1044896,EXCESSIVE FORCE  ON DUTY  INJURY,Excessive Force  On Duty  No Injury
4137,25191,1044896,EXCESSIVE FORCE  ON DUTY  INJURY,Excessive Force  On Duty  No Injury
4137,32125,1044896,EXCESSIVE FORCE  ON DUTY  INJURY,Excessive Force  On Duty  No Injury
4137,32180,1044896,EXCESSIVE FORCE  ON DUTY  INJURY,Excessive Force  On Duty  No Injury
4137,6649,1044896,EXCESSIVE FORCE  ON DUTY  INJURY,Excessive Force  On Duty  No Injury
9527,32255,1044896,EXCESSIVE FORCE  ON DUTY  INJURY,Excessive Force  On Duty  No Injury
9527,32338,1044896,EXCESSIVE FORCE  ON DUTY  INJURY,Excessive Force  On Duty  No Injury
9527,25191,1044896,EXCESSIVE FORCE  ON DUTY  INJURY,Excessive Force  On Duty  No Injury
9527,32125,1044896,EXCESSIVE FORCE  ON DUTY  INJURY,Excessive Force  On Duty  No Injury
9527,32180,1044896,EXCESSIVE FORCE  ON DUTY  INJURY,Excessive Force  On Duty  No Injury
9527,6649,1044896,EXCESSIVE FORCE  ON DUTY  INJURY,Excessive Force  On Duty  No Injury
32255,32338,1044896,EXCESSIVE FORCE  ON DUTY  INJURY,Excessive Force  On Duty  No Injury
32255,25191,1044896,EXCESSIVE FORCE  ON DUTY  INJURY,Excessive Force  On Duty  No Injury
32255,32125,1044896,EXCESSIVE FORCE  ON DUTY  INJURY,Excessive Force  On Duty  No Injury
32255,32180,1044896,EXCESSIVE FORCE  ON DUTY  INJURY,Excessive Force  On Duty  No Injury
32255,6649,1044896,EXCESSIVE FORCE  ON DUTY  INJURY,Excessive Force  On Duty  No Injury
32338,25191,1044896,EXCESSIVE FORCE  ON DUTY  INJURY,Excessive Force  On Duty  No Injury
32338,32125,1044896,EXCESSIVE FORCE  ON DUTY  INJURY,Excessive Force  On Duty  No Injury
32338,32180,1044896,EXCESSIVE FORCE  ON DUTY  INJURY,Excessive Force  On Duty  No Injury
32338,6649,1044896,EXCESSIVE FORCE  ON DUTY  INJURY,Excessive Force  On Duty  No Injury
25191,32125,1044896,EXCESSIVE FORCE  ON DUTY  INJURY,Excessive Force  On Duty  No Injury
25191,32180,1044896,EXCESSIVE FORCE  ON DUTY  INJURY,Excessive Force  On Duty  No Injury
25191,6649,1044896,EXCESSIVE FORCE  ON DUTY  INJURY,Excessive Force  On Duty  No Injury
32125,32180,1044896,EXCESSIVE FORCE  ON DUTY  INJURY,Excessive Force  On Duty  No Injury
32125,6649,1044896,EXCESSIVE FORCE  ON DUTY  INJURY,Excessive Force  On Duty  No Injury
32180,6649,1044896,EXCESSIVE FORCE  ON DUTY  INJURY,Excessive Force  On Duty  No Injury
4987,5700,1044923,EXCESSIVE FORCE  ON DUTY  INJURY,Domestic Incident  Not Physical
12313,7072,1044942,EXCESSIVE FORCE  ON DUTY  INJURY,Excessive Force  On Duty  No Injury
12313,20065,1044942,EXCESSIVE FORCE  ON DUTY  INJURY,Excessive Force  On Duty  No Injury
7072,20065,1044942,EXCESSIVE FORCE  ON DUTY  INJURY,Excessive Force  On Duty  No Injury
20294,3986,1044983,UNNECESSARY DISPLAY OF WEAPON  ON DUTY,Unnecessary Display Of Weapon  On Duty
31332,31968,1044986,EXCESSIVE FORCE  OFF DUTY  INJURY,Unnecessary Display Of Weapon  Off Duty
31332,5343,1044986,EXCESSIVE FORCE  OFF DUTY  INJURY,Unnecessary Display Of Weapon  Off Duty
31968,5343,1044986,EXCESSIVE FORCE  OFF DUTY  INJURY,Unnecessary Display Of Weapon  Off Duty
31332,31968,1044986,EXCESSIVE FORCE  OFF DUTY  INJURY,Excessive Force  On Duty  Injury
31332,5343,1044986,EXCESSIVE FORCE  OFF DUTY  INJURY,Excessive Force  On Duty  Injury
31968,5343,1044986,EXCESSIVE FORCE  OFF DUTY  INJURY,Excessive Force  On Duty  Injury
19395,31422,1044992,EXCESSIVE FORCE  ON DUTY  INJURY,Unnecessary Physical Contact  On Duty  No Injury
26011,10146,1045028,INADEQUATE  FAILURE TO PROVIDE SERVICE,Miscellaneous
3006,30037,1045029,DOMESTIC ALTERCATION  PHYSICAL ABUSE,Fail To Obtain A Complaint Register Number
23148,28694,1045154,COERCION  THREAT OF ARRESTCHARGES,Gang Affiliation
30804,127,1045095,MISCELLANEOUS,Illegal Arrest  False Arrest
30804,27739,1045095,MISCELLANEOUS,Illegal Arrest  False Arrest
30804,30807,1045095,MISCELLANEOUS,Illegal Arrest  False Arrest
127,27739,1045095,MISCELLANEOUS,Illegal Arrest  False Arrest
127,30807,1045095,MISCELLANEOUS,Illegal Arrest  False Arrest
27739,30807,1045095,MISCELLANEOUS,Illegal Arrest  False Arrest
128,16927,1045139,EXCESSIVE FORCE  ON DUTY  INJURY,Excessive Force  On Duty  No Injury
6351,127,1045140,TRAFFIC CRASH REPORT,Reports
6351,5415,1045140,TRAFFIC CRASH REPORT,Reports
127,5415,1045140,TRAFFIC CRASH REPORT,Reports
6351,127,1045140,TRAFFIC CRASH REPORT,Neglect Of Duty
6351,5415,1045140,TRAFFIC CRASH REPORT,Neglect Of Duty
127,5415,1045140,TRAFFIC CRASH REPORT,Neglect Of Duty
6351,127,1045140,TRAFFIC CRASH REPORT,Inadequate  Failure To Provide Service
6351,5415,1045140,TRAFFIC CRASH REPORT,Inadequate  Failure To Provide Service
127,5415,1045140,TRAFFIC CRASH REPORT,Inadequate  Failure To Provide Service
23259,26980,1045169,ESCAPE,Excessive Force  On Duty  Injury
28766,16973,1045173,DRAGGED,Use Of Profanity
28766,16973,1045173,DRAGGED,Excessive Force  On Duty  No Injury
1277,3764,1045192,MISCELLANEOUS,Excessive Force  On Duty  No Injury
17103,19048,1045209,PUSHPULLGRAB,Unnecessary Physical Contact  On Duty  No Injury
31847,25138,1045243,EXCESSIVE FORCE  ON DUTY  INJURY,Excessive Force  Use Of Firearm  Off Duty  No Injury
31847,22389,1045243,EXCESSIVE FORCE  ON DUTY  INJURY,Excessive Force  Use Of Firearm  Off Duty  No Injury
31847,23537,1045243,EXCESSIVE FORCE  ON DUTY  INJURY,Excessive Force  Use Of Firearm  Off Duty  No Injury
25138,22389,1045243,EXCESSIVE FORCE  ON DUTY  INJURY,Excessive Force  Use Of Firearm  Off Duty  No Injury
25138,23537,1045243,EXCESSIVE FORCE  ON DUTY  INJURY,Excessive Force  Use Of Firearm  Off Duty  No Injury
22389,23537,1045243,EXCESSIVE FORCE  ON DUTY  INJURY,Excessive Force  Use Of Firearm  Off Duty  No Injury
31847,25138,1045243,EXCESSIVE FORCE  ON DUTY  INJURY,Excessive Force  On Duty  No Injury
31847,22389,1045243,EXCESSIVE FORCE  ON DUTY  INJURY,Excessive Force  On Duty  No Injury
31847,23537,1045243,EXCESSIVE FORCE  ON DUTY  INJURY,Excessive Force  On Duty  No Injury
25138,22389,1045243,EXCESSIVE FORCE  ON DUTY  INJURY,Excessive Force  On Duty  No Injury
25138,23537,1045243,EXCESSIVE FORCE  ON DUTY  INJURY,Excessive Force  On Duty  No Injury
22389,23537,1045243,EXCESSIVE FORCE  ON DUTY  INJURY,Excessive Force  On Duty  No Injury
31847,25138,1045243,EXCESSIVE FORCE  ON DUTY  INJURY,Use Of Profanity
31847,22389,1045243,EXCESSIVE FORCE  ON DUTY  INJURY,Use Of Profanity
31847,23537,1045243,EXCESSIVE FORCE  ON DUTY  INJURY,Use Of Profanity
25138,22389,1045243,EXCESSIVE FORCE  ON DUTY  INJURY,Use Of Profanity
25138,23537,1045243,EXCESSIVE FORCE  ON DUTY  INJURY,Use Of Profanity
22389,23537,1045243,EXCESSIVE FORCE  ON DUTY  INJURY,Use Of Profanity
17037,22059,1045276,HANDCUFF TOO TIGHT,Excessive Force  On Duty  No Injury
28810,25933,1045347,MISCELLANEOUS,Excessive Force  Use Of Firearm  Off Duty  No Injury
18295,32069,1045351,MISSING MONEY OR PROPERTY,Search Of Premise Without Warrant
18295,14737,1045351,MISSING MONEY OR PROPERTY,Search Of Premise Without Warrant
18295,18896,1045351,MISSING MONEY OR PROPERTY,Search Of Premise Without Warrant
18295,31578,1045351,MISSING MONEY OR PROPERTY,Search Of Premise Without Warrant
18295,32237,1045351,MISSING MONEY OR PROPERTY,Search Of Premise Without Warrant
18295,23174,1045351,MISSING MONEY OR PROPERTY,Search Of Premise Without Warrant
18295,11713,1045351,MISSING MONEY OR PROPERTY,Search Of Premise Without Warrant
18295,31997,1045351,MISSING MONEY OR PROPERTY,Search Of Premise Without Warrant
18295,25980,1045351,MISSING MONEY OR PROPERTY,Search Of Premise Without Warrant
32069,14737,1045351,MISSING MONEY OR PROPERTY,Search Of Premise Without Warrant
32069,18896,1045351,MISSING MONEY OR PROPERTY,Search Of Premise Without Warrant
32069,31578,1045351,MISSING MONEY OR PROPERTY,Search Of Premise Without Warrant
32069,32237,1045351,MISSING MONEY OR PROPERTY,Search Of Premise Without Warrant
32069,23174,1045351,MISSING MONEY OR PROPERTY,Search Of Premise Without Warrant
32069,11713,1045351,MISSING MONEY OR PROPERTY,Search Of Premise Without Warrant
32069,31997,1045351,MISSING MONEY OR PROPERTY,Search Of Premise Without Warrant
32069,25980,1045351,MISSING MONEY OR PROPERTY,Search Of Premise Without Warrant
14737,18896,1045351,MISSING MONEY OR PROPERTY,Search Of Premise Without Warrant
14737,31578,1045351,MISSING MONEY OR PROPERTY,Search Of Premise Without Warrant
14737,32237,1045351,MISSING MONEY OR PROPERTY,Search Of Premise Without Warrant
14737,23174,1045351,MISSING MONEY OR PROPERTY,Search Of Premise Without Warrant
14737,11713,1045351,MISSING MONEY OR PROPERTY,Search Of Premise Without Warrant
14737,31997,1045351,MISSING MONEY OR PROPERTY,Search Of Premise Without Warrant
14737,25980,1045351,MISSING MONEY OR PROPERTY,Search Of Premise Without Warrant
18896,31578,1045351,MISSING MONEY OR PROPERTY,Search Of Premise Without Warrant
18896,32237,1045351,MISSING MONEY OR PROPERTY,Search Of Premise Without Warrant
18896,23174,1045351,MISSING MONEY OR PROPERTY,Search Of Premise Without Warrant
18896,11713,1045351,MISSING MONEY OR PROPERTY,Search Of Premise Without Warrant
18896,31997,1045351,MISSING MONEY OR PROPERTY,Search Of Premise Without Warrant
18896,25980,1045351,MISSING MONEY OR PROPERTY,Search Of Premise Without Warrant
31578,32237,1045351,MISSING MONEY OR PROPERTY,Search Of Premise Without Warrant
31578,23174,1045351,MISSING MONEY OR PROPERTY,Search Of Premise Without Warrant
31578,11713,1045351,MISSING MONEY OR PROPERTY,Search Of Premise Without Warrant
31578,31997,1045351,MISSING MONEY OR PROPERTY,Search Of Premise Without Warrant
31578,25980,1045351,MISSING MONEY OR PROPERTY,Search Of Premise Without Warrant
32237,23174,1045351,MISSING MONEY OR PROPERTY,Search Of Premise Without Warrant
32237,11713,1045351,MISSING MONEY OR PROPERTY,Search Of Premise Without Warrant
32237,31997,1045351,MISSING MONEY OR PROPERTY,Search Of Premise Without Warrant
32237,25980,1045351,MISSING MONEY OR PROPERTY,Search Of Premise Without Warrant
23174,11713,1045351,MISSING MONEY OR PROPERTY,Search Of Premise Without Warrant
23174,31997,1045351,MISSING MONEY OR PROPERTY,Search Of Premise Without Warrant
23174,25980,1045351,MISSING MONEY OR PROPERTY,Search Of Premise Without Warrant
11713,31997,1045351,MISSING MONEY OR PROPERTY,Search Of Premise Without Warrant
11713,25980,1045351,MISSING MONEY OR PROPERTY,Search Of Premise Without Warrant
31997,25980,1045351,MISSING MONEY OR PROPERTY,Search Of Premise Without Warrant
994,10633,1045437,MISCELLANEOUS,Improper Search Of Vehicle
994,30447,1045437,MISCELLANEOUS,Improper Search Of Vehicle
10633,30447,1045437,MISCELLANEOUS,Improper Search Of Vehicle
1026,12495,1045498,CLOSED HAND STRIKE PUNCH,Excessive Force  On Duty  No Injury
1026,32190,1045498,CLOSED HAND STRIKE PUNCH,Excessive Force  On Duty  No Injury
12495,32190,1045498,CLOSED HAND STRIKE PUNCH,Excessive Force  On Duty  No Injury
25788,530,1045499,PUSHPULLGRAB,Excessive Force  On Duty  Injury
21516,22622,1045525,EXCESSIVE FORCE  ON DUTY  NO INJURY,Improper Search Of Person
21516,19710,1045525,EXCESSIVE FORCE  ON DUTY  NO INJURY,Improper Search Of Person
22622,19710,1045525,EXCESSIVE FORCE  ON DUTY  NO INJURY,Improper Search Of Person
21516,22622,1045525,EXCESSIVE FORCE  ON DUTY  NO INJURY,Excessive Force  On Duty  Injury
21516,19710,1045525,EXCESSIVE FORCE  ON DUTY  NO INJURY,Excessive Force  On Duty  Injury
22622,19710,1045525,EXCESSIVE FORCE  ON DUTY  NO INJURY,Excessive Force  On Duty  Injury
280,20453,1045615,PUSHPULLGRAB,Unnecessary Display Of Weapon  On Duty
280,20453,1045615,PUSHPULLGRAB,Unnecessary Physical Contact  On Duty  No Injury
3729,26366,1045678,PLANTING CONTROLLED SUBSTANCE ON PERSON,Inventory Procedures
3876,18602,1045686,RACIAL  ETHNIC ETC,Excessive Force  Use Of Firearm  Off Duty  No Injury
8380,4288,1045709,MISCELLANEOUS,Miscellaneous
21431,27616,1045753,PUSHPULLGRAB,Unnecessary Physical Contact  On Duty  No Injury
22189,30851,1045852,EXCESSIVE FORCE  ON DUTY  NO INJURY,Excessive Force  On Duty  Injury
22189,13137,1045852,EXCESSIVE FORCE  ON DUTY  NO INJURY,Excessive Force  On Duty  Injury
30851,13137,1045852,EXCESSIVE FORCE  ON DUTY  NO INJURY,Excessive Force  On Duty  Injury
19038,11634,1045866,MISCELLANEOUS,Search Of Premise Without Warrant
19038,20692,1045866,MISCELLANEOUS,Search Of Premise Without Warrant
19038,18092,1045866,MISCELLANEOUS,Search Of Premise Without Warrant
19038,12932,1045866,MISCELLANEOUS,Search Of Premise Without Warrant
19038,21293,1045866,MISCELLANEOUS,Search Of Premise Without Warrant
19038,7195,1045866,MISCELLANEOUS,Search Of Premise Without Warrant
19038,22828,1045866,MISCELLANEOUS,Search Of Premise Without Warrant
19038,27229,1045866,MISCELLANEOUS,Search Of Premise Without Warrant
19038,15681,1045866,MISCELLANEOUS,Search Of Premise Without Warrant
11634,20692,1045866,MISCELLANEOUS,Search Of Premise Without Warrant
11634,18092,1045866,MISCELLANEOUS,Search Of Premise Without Warrant
11634,12932,1045866,MISCELLANEOUS,Search Of Premise Without Warrant
11634,21293,1045866,MISCELLANEOUS,Search Of Premise Without Warrant
11634,7195,1045866,MISCELLANEOUS,Search Of Premise Without Warrant
11634,22828,1045866,MISCELLANEOUS,Search Of Premise Without Warrant
11634,27229,1045866,MISCELLANEOUS,Search Of Premise Without Warrant
11634,15681,1045866,MISCELLANEOUS,Search Of Premise Without Warrant
20692,18092,1045866,MISCELLANEOUS,Search Of Premise Without Warrant
20692,12932,1045866,MISCELLANEOUS,Search Of Premise Without Warrant
20692,21293,1045866,MISCELLANEOUS,Search Of Premise Without Warrant
20692,7195,1045866,MISCELLANEOUS,Search Of Premise Without Warrant
20692,22828,1045866,MISCELLANEOUS,Search Of Premise Without Warrant
